n,eq,titulo,lectura,categoria,sugerencias
1,70,Origen / Identidad Digital,Nacimiento de comunidades virtuales,Autoconstrucción narrativa,Define biografía digital
2,69,Dualidad / Polos Conectados,Polarización algorítmica,Ecos cerrados,Usa filtros de diversidad
3,68,Tríada / Sinergia 3.0,Colaboración talento-creatividad-tech,Trabajo remoto,Indicadores claros
4,67,Estructura Control Algorítmico,Ciudades inteligentes vigilancia datos,Control y vigilancia,Implementar auditorías
5,66,Cambio Disrupción Viral,Hashtags movimientos sociales,Transformación social,Monitorear tendencias
6,65,Armonía Comunidad Conectada,Apoyo emocional en apps,Comunidad y apoyo,Promover conexiones
7,64,Ritmo Cadencia Ágil,Rituales sprints trabajo,Ritmo y disciplina,Establecer ciclos
8,63,Escala Asimetría Global,Concentración poder datos,Poder y escala,Distribuir recursos
9,62,Cierre Retroaprendizaje,Revisión post evento,Aprendizaje y reflexión,Implementar retrospectivas
10,61,Reglas Código Abierto Global,Estandarización interoperabilidad,Estándares globales,Adoptar protocolos
11,60,Umbral Revolución Tech,Interfaces neuronales transición,Revolución tecnológica,Preparar infraestructura
12,59,Ciclo Anual Memoria Colectiva,Lecciones por temporada,Ciclos y memoria,Documentar aprendizajes
13,58,Disrupción Desinformación Hiperreal,Deepfakes conspiraciones,Desinformación,Implementar verificaciones
14,57,Límite Crisis Climática,Fenómenos extremos acción inmediata,Crisis climática,Activar protocolos de emergencia
15,56,Atención Economía del Foco,Microcontenidos déficit atención,Atención y enfoque,Optimizar contenido
16,55,Tipologías Diversidad Crítica,Microcomunidades creativas,Diversidad cultural,Promover inclusión
17,54,Resistencia Activismo en Red,Coaliciones globales derechos,Activismo digital,Proteger derechos
18,53,Manipulación Narrativa Dirigida,Publicidad conductual segmentación,Manipulación,Implementar transparencia
19,52,Iluminación Despertar Colectivo,Educación crítica masiva,Educación crítica,Expandir acceso
20,51,Juicio Rendición Algorítmica,Evaluaciones públicas trazables,Evaluación pública,Implementar auditorías
21,50,Exilio Movilidad Digital,Identidad documentación en nube,Movilidad digital,Proteger identidades
22,49,Constructor Pactos Creativos,Alianzas tecnología contratos,Alianzas creativas,Facilitar colaboraciones
23,48,Ansiedad Hipervelocidad,Estrés aceleración cultural,Ansiedad cultural,Implementar pausas
24,47,Familia Red Siempre Encendida,Convivencia conectividad permanente,Conectividad familiar,Establecer límites
25,46,Celebración Ocio Consciente,Eventos híbridos inmersivos,Ocio consciente,Promover experiencias
26,45,Silencio Invisibilidad Social,Marginalidad brecha acceso,Invisibilidad social,Reducir brechas
27,44,Alteridad Emprendimiento Local,Startups impacto diversidad,Emprendimiento local,Apoyar iniciativas
28,43,Abundancia Desperdicio Digital,Big data no usado,Abundancia digital,Optimizar recursos
29,42,Creación Ciencia Abierta Total,Investigación colaborativa global,Ciencia abierta,Compartir conocimiento
30,41,Soledad Umbral Humano,Desconexión emocional redes,Soledad digital,Promover conexiones
31,40,Laberinto Complejidad Extrema,Interdependencia riesgo cascada,Complejidad extrema,Simplificar sistemas
32,39,Espejo Datos Personales,Autoevaluación métricas vitales,Autoevaluación,Implementar métricas
33,38,Maestro Educación XR,Aprendizaje inmersivo,Educación inmersiva,Desarrollar contenido XR
34,37,Aprendizaje Flujo Logístico,Cadena suministros aula,Logística educativa,Optimizar flujos
35,36,Confusión Ruido Digital,Infoxicación fake news,Confusión digital,Implementar filtros
36,35,Paciencia Microhábito Global,Mejoras por microacciones,Paciencia y microhábitos,Establecer rutinas
37,34,Alianza Global Innovadores Raros,Minorías disruptivas protegidas,Alianzas globales,Proteger innovadores
38,33,Confrontación Riesgo en Red,Conflictos amplificados,Confrontación digital,Mediar conflictos
39,32,Curación Ciudades Restaurativas,Urbanismo que repara,Curación urbana,Implementar restauraciones
40,31,Travesía Protocolos Cuarentena,Movilidad controlada crisis,Protocolos de crisis,Establecer controles
41,30,Reflejo Historial Vivo,Observación archivada tiempo real,Historial vivo,Implementar monitoreo
42,29,Sombra Subconsciente Colectivo,Tendencias ocultas bigdata,Subconsciente colectivo,Analizar patrones
43,28,Ancla Tradición Aumentada,Costumbres con tecnología,Tradición aumentada,Preservar costumbres
44,27,Despertar Justicia Algorítmica,Auditoría sesgos IA,Justicia algorítmica,Implementar auditorías
45,26,Puente Mediación Digital,Diálogo intercultural asistido,Mediación digital,Facilitar diálogos
46,25,Huella Transición Energética Digital,Optimizar consumo datos energía,Transición energética,Optimizar consumo
47,24,Horizonte Narrativa Futura,Visión 10 a 30 años,Narrativa futura,Planificar visiones
48,23,Venganza Conflicto Cíclico,Espirales cancelación,Conflicto cíclico,Romper ciclos
49,22,Semilla Innovación Local,Ideas pequeñas gran impacto,Innovación local,Apoyar ideas
50,21,Fin Poda Estratégica,Simplificación proactiva,Poda estratégica,Implementar simplificaciones
51,20,Transformación Cambio Institucional,Adaptación en tiempo real,Transformación institucional,Facilitar adaptaciones
52,19,Trampa Bucle Productividad,Burnout crónico,Bucle productividad,Prevenir burnout
53,18,Rebelion Educación en Red,Alfabetización crítica digital,Rebelión educativa,Implementar alfabetización
54,17,Fortaleza Cultura del Cuidado,Infraestructuras apoyo mutuo,Cultura del cuidado,Construir infraestructuras
55,16,Espejismo Crecimiento Vacío,Métricas superficiales éxito,Crecimiento vacío,Implementar métricas reales
56,15,Melancolía Mito del Pasado,Nostalgia amplificada,Melancolía colectiva,Equilibrar nostalgia
57,14,Conspiración Transparencia Radical,Desconfianza total datos abiertos,Conspiración transparencia,Implementar transparencia
58,13,Promesa Optimismo Escalable,Innovaciones con impacto,Optimismo escalable,Desarrollar innovaciones
59,12,Conclusión Decisión Basada en Datos,Resoluciones con métricas,Decisión basada en datos,Implementar métricas
60,11,Legado Coordinación Intergeneracional,Planificación multigeneración,Coordinación intergeneracional,Planificar legados
61,10,Identidad Minorías Motrices,Pequeños colectivos transforman,Identidad minorías,Proteger identidades
62,9,Lucha Seguridad Integral,Protección física cibernética,Seguridad integral,Implementar protecciones
63,8,Olvido Gestión de Memoria,Curaduría narrativa social,Gestión de memoria,Implementar curaduría
64,7,Ilusión Metaverso Escalable,Mundos virtuales masivos,Metaverso escalable,Desarrollar mundos
65,6,Sanación Mentoría Vital,Redes tutelaje,Mentoría vital,Establecer redes
66,5,Desconexión Blanqueo Social,Nomadismo digital extremo,Desconexión social,Implementar pausas
67,4,Resiliencia Equilibrio Inestable,Fluctuación post crisis,Resiliencia y equilibrio,Construir estabilidad
68,3,Renacimiento Protesta Creativa,Expresión artística catalizador,Protesta creativa,Facilitar expresión
69,2,Fusión Pactos Win Win,Integración estratégica intercultural,Fusión estratégica,Implementar integraciones
70,1,Círculo Regeneración Total,Retorno esencial tecnología verde,Regeneración total,Implementar sostenibilidad
